USE ias;

INSERT INTO
	org_group 
VALUES
	(1, 'Учреждение стационарного типа', 'Ст', NULL),
    (2, 'Амбулаторно-поликлиническое учреждение', 'АПУ', NULL),
    (3, 'Стоматологическая поликлиника', 'СП', NULL),
    (4, 'Городская клиническая больница', 'ГКБ', 1),
    (5, 'Детская городская клиническая больница', 'ДГКБ', 1),
    (6, 'Научно-исследовательский институт', 'НИИ', 1),
    (7, 'Специализированная больница / Госпиталь', 'СБГ', 1),
    (8, 'Городская поликлиника', 'ГП', 2),
    (9, 'Детская городская поликлиника', 'ДГП', 2),
    (10, 'Взрослая стоматологическая поликлиника', 'СПА', 3),
    (11, 'Детская стоматологическая поликлиника', 'ДСП', 3);

INSERT INTO
	organizations (name, org_group_id)
VALUES
	('ГБУЗ "НИИ СП им. Н.В. Склифосовского ДЗМ"', 6),
    ('ГБУЗ НИКИО им. Л.И. Свержевского ДЗМ', 6),
    ('ГБУЗ "ГКБ им. С.П. Боткина ДЗМ"', 4),
    ('ГКБ № 1 им. Н.И. Пирогова', 4),
    ('ГБУЗ "ГКБ № 29 им. Н.Э. Баумана"', 4),
    ('ГБУЗ "ГКБ им. С.И. Спасокукоцкого ДЗМ"', 4),
    ('ГБУЗ "ГКБ им. В.В. Виноградова ДЗМ"', 4),
    ('ГБУЗ "ГКБ им. С.С. Юдина ДЗМ"', 4),
    ('ГБУЗ "ДГКБ им.З.А. Башляевой ДЗМ"', 5),
    ('ГБУЗ "ДГКБ № 9 им. Г.Н. Сперанского ДЗМ"', 5),
    ('ГБУЗ "ДГКБ № 13 им. Н.Ф. Филатова ДЗМ"', 5),
    ('ГБУЗ "ИКБ № 1 ДЗМ"', 7),
    ('ГБУЗ ТБ им. А.Е. Рабухина ДЗМ', 7),
    ('ГБУЗ "ГВВ № 3 ДЗМ"', 7),
    ('ГБУЗ "ГП № 64 ДЗМ"', 8),
    ('ГБУЗ "ГП № 175 ДЗМ"', 8),
    ('ГБУЗ "ГП № 209 ДЗМ"', 8),
    ('ГБУЗ "ГП № 3 ДЗМ"', 8),
    ('ГБУЗ "ДГП № 98 ДЗМ"', 9),
    ('ГБУЗ "ДГП № 129 ДЗМ"', 9),
    ('ГБУЗ "ДГП № 145 ДЗМ"', 9),
    ('ГБУЗ "ДГП № 61 ДЗМ"', 9),
    ('ГАУЗ "СП № 35 ДЗМ"', 10),
    ('ГАУЗ "СП № 9 ДЗМ"', 10),
    ('ГАУЗ "СП № 14 ДЗМ"', 10),
    ('ГАУЗ "СП № 50 ДЗМ"', 10),
    ('ГБУЗ "ДСП № 1 ДЗМ"', 11),
    ('ГБУЗ "ДСП № 43 ДЗМ"', 11),
    ('ГБУЗ "ДСП № 5 ДЗМ"', 11),
    ('ГБУЗ МКНЦ имени А.С. Логинова ДЗМ', 6),
    ('СС и НМП им. А.С. Пучкова', 7);

INSERT INTO 
	users (login, password_hash, firstname, lastname, email, phone, org_id, is_admin)
VALUES 
	('admin','804407bac350f8df538fc7b497034b5d09c4c9bf','Hassie','Jacobson','geovany53@example.org',9288709456,30, 1),
	('enim','8056c34666a275716963841f43b274841f6ab115','Emmitt','Rolfson','wuckert.clyde@example.net',9855632383,1,0),
    ('assumenda','eddbd79caceebf1379b6e84bb6264b631a00fb58','Elissa','Borer','katlynn13@example.com',9859228600,2,0),
    ('repellat','ba8c58b26af8d408feda6e13decc9377ffed7a3d','Queen','Morar','bins.everardo@example.net',9247294289,3,0),
    ('perferendis','be63a872dc1ce71e104ebb6c219e2b72384596b5','Trent','Schumm','kuhlman.shana@example.org',9888667471,4,0),
    ('dolore','08f6e5e50e91db73daf6f1b44ccae195e4d04c14','Esmeralda','Cummings','winnifred.kilback@example.net',9404946461,5,0),
    ('asperiores','0ffe46ca0610260b61ca7356cc17f0a445e3e795','Mylene','Klocko','schuppe.felicita@example.net',9003227787,6,0),
    ('et','4fe8e0a0a68e71a515468cbb28e86785ee8630a9','Brook','Nitzsche','romaine98@example.net',9225344198,7,0),
    ('sunt','9024ecc73555a239d9ef0c317f60e5ee3b5ec80c','Pierce','Bashirian','rogahn.kris@example.org',9811794336,8,0),
    ('natus','38566dddf095a3b66eea1654812aa7a53a6c6b34','Malinda','Nitzsche','elmira60@example.net',9604297788,9,0),
    ('laudantium','99d6359b5c18b44fd518de21ad2bca137becdaf9','Justyn','Krajcik','shoeger@example.com',9298227849,10,0),
    ('maxime','adbe6824776b87a731a182d7422bcd1f4e0ebfdb','Annamarie','Predovic','jfisher@example.com',9828885173,11,0),
    ('voluptatem','435cf64d90448619c8ea5c634e03ac99df9cbce2','Lemuel','Kshlerin','retha11@example.net',9941260376,12,0),
    ('earum','34004f8e44d49295b575bbdcd4450c41d0aca685','Pansy','Tromp','hmann@example.net',9878363513,13,0),
    ('quasi','3e604d03e3338136e1d11ac30e103941cb82fa24','Helga','Baumbach','ahansen@example.net',9496620387,14,0),
    ('ea','825e9ca540e1a98f0d6252a0dfa846edd2092230','Alverta','Wiegand','khilpert@example.org',9032358321,15,0),
    ('dolorem','5cec51895bd9a779c0974525ad36813b7816484b','Katheryn','Trantow','rolando49@example.org',9832388426,16,0),
    ('est','83a9e5b441631485c8ed8367102daaad6b418a30','Dejah','Simonis','payton.hauck@example.org',9482239803,17,0),
    ('voluptatum','9d3e5c16e57b70020aac5dbd966214b1142fe4e5','Madaline','Stroman','kenneth76@example.com',9683712749,18,0),
    ('tempora','993c902500cf07a8c7e72adb526adff0bcaf3504','Elfrieda','Corwin','eloy48@example.net',9552317577,19,0),
    ('optio','a49ad031573272b4dbe8935d456142afa104eac4','Tyree','Jakubowski','mcglynn.kristofer@example.org',9263517335,20,0),
    ('mollitia','ada9b2a445b82044d7978320c0cf4a89e1eb60dc','Idella','Friesen','addie.cartwright@example.com',9503674661,21,0),
    ('non','ffbe25d2e5903fef5b79efbcb97a2f314fd4b922','Roman','Goodwin','jlakin@example.com',9443073498,22,0),
    ('ab','ba64a70e9bd7b6e72ceae6fb877cf48a262771c1','Malachi','Wunsch','dorothea.blanda@example.net',9289661280,23,0),
    ('eius','1b6d36b2da8ac65c3e55324d7aeedb11bfd7b0a6','Joanne','Waters','kovacek.reagan@example.net',9764328662,24,0),
    ('omnis','c02c2ef2cf814c852cd4ae8b3d0bdc3de14ac0e8','Jeramie','Goyette','kelvin79@example.net',9652645176,25,0),
    ('vel','c5ce2871aba4456361ab179e5db20523b944f981','Charley','Balistreri','konopelski.sierra@example.org',9446267757,26,0),
    ('quia','4a9fa5d9d569732b98f224c9fdb3b91e67308a8e','Briana','Douglas','schuster.eleanore@example.net',9977213795,27,0),
    ('eos','17c3a7785b8d586443f14d024556c276bdfea54f','Rowena','Macejkovic','waters.hayley@example.net',9907457800,28,0),
    ('nemo','5ceeb432b813a078e08e1c4ad47bedb3eb7ef584','Aurelio','Ebert','marquardt.wilfred@example.com',9753387800,29,0),
    ('nisi','c6501f9965a7179878415e8e0b890ab594371c3d','Jayda','Dare','lonny80@example.net',9371190647,30,0),
    ('culpa','6542ed7c52107ade4567790809203bc744f0d6c8','Emma','Osinski','carolyne.wiza@example.net',9801122030,31,0),
    ('eveniet','3e72ee4c7292947ef78e596f7fb0cc5b7bad72bd','Murl','Ankunding','marshall.nikolaus@example.com',9962458197,10,0),
    ('qui','4fd6c2c9cfc4d4c94146024536e69b6be5ed8e8e','Casey','Ondricka','amira.hahn@example.net',9182208816,5,0),
    ('ets','16321b433fa3c288f619c7e57a35eb669b2bba7e','Laurianne','Grady','wherzog@example.org',9005314051,15,0),
    ('molestiae','0ab06fb0261e29603faa7d28fd6bae3a919f7491','Manuela','Lakin','dlarson@example.org',9136531928,11,0),
    ('aut','7d1b077b7faf18c3255d1261807631d376888977','Stephon','Stark','twaelchi@example.net',9400082588,19,0),
    ('rerum','7890a373611de16a76a2670273692fc3be5ab2ba','Garland','Jaskolski','kbrakus@example.net',9532254420,4,0),
    ('kaktus','b3815cd0fb4272ba1559ee683c6d537d849499e3','Kasey','Wehner','rau.connie@example.com',9358318937,27,0),
    ('magni','9eda005f2e604600bd8cd60d4b936fbfbaa9de3a','Ashlee','Towne','brad74@example.com',9888470433,23,0),
    ('laboriosam','4093e0dc716dd0b25964ab7aa1269378b92661dd','Roselyn','Botsford','norene.gulgowski@example.net',9533457888,7,0),
    ('voluptatibus','57f9437f1d8c7b828acdbaeb283c1a67463f0590','Oceane','Beahan','tiara26@example.org',9654606778,15,0),
    ('aliquid','1d41d1a21a55ea803dcbc49160f623c6d484d5fb','Lillie','Marvin','jones.norval@example.com',9945706963,25,0),
    ('at','93e83d3d9131151b681be836be2b4463ce64d8e6','Astrid','Hirthe','pcorkery@example.org',9563910030,2,0);

INSERT INTO 
	parameters (name, unit) 
VALUES 
	('Удельный вес административных расходов в расходах учреждения за отчетный период', '%'),
    ('Удельный вес немедицинских расходов в расходах учреждения за отчетный период', '%'),
    ('Доля фонда оплаты труда административно-управленческого персонала в общих расходах на оплату труда учреждения', '%'),
    ('Отношение суммы просроченной дебиторской задолженности к балансовой стоимости активов учреждения на отчетную дату', '%'),
    ('Отношение доходов учреждения с учетом остатка средств на начало отчетного периода к расходам учреждения', '%'),
    ('Частота внесения изменений в план ФХД (количество обновлений (версий) плана ФХД за отчетный период)', 'кол-во'),
    ('Доля размещенных заказов от общего объема планируемых конкурентных процедур закупок за отчетный период по сумме («самостоятельные торги»)', '%'),
    ('Доля размещенных заказов от общего объема планируемых конкурентных процедур закупок за отчетный период по сумме («совместные торги»)', '%'),
    ('Среднее количество заявок на 1 лот за отчетный период по конкурентным процедурам закупок («самостоятельные торги»)', 'заявок / лот'),
    ('Среднее количество заявок на 1 лот за отчетный период по конкурентным процедурам закупок («совместные торги»)', 'заявок / лот'),
    ('Удельный вес суммы закупок, осуществленных через совместные торги, в общей сумме конкурентных процедур закупок отчетного периода', '%'),
    ('Совокупный объем поступлений/доходов учреждения за отчетный период на 1 кв.м площади объектов недвижимого имущества', 'руб/кв.м'),
    ('Сумма расходов на содержание имущества на 1 кв.м площади недвижимого имущества, находящегося в распоряжении учреждения за отчетный период', 'руб/кв.м'),
    ('Доля коммунальных расходов в сумме расходов за отчетный период', '%'),
    ('Отношение среднемесячной заработной платы среднего медперсонала к среднемесячной заработной плате врачей за отчетный период', '%'),
    ('Отношение количества уволившихся сотрудников к среднесписочной численности сотрудников (без внешних совместителей)', '%'),
    ('Доля административно-управленческого персонала в общей численности персонала', '%'),
    ('Доля врачей с высшей и первой квалификационными категориями', '%'),
    ('Наличие плана ФХД за отчетный год /отчета об исполнении плана ФХД/бухгалтерской отчетности за предшествующий отчетному год на общегородском ресурсе открытых данных', 'число'),
    ('Доля доходов/поступлений за счет собственных доходов учреждения в общем объеме доходов/поступлений за отчетный период (для всех типов учреждений, кроме казенных)', '%');

INSERT INTO 
	fields (name, type, unit) 
VALUES
	('Сумма административных расходов учреждения за отчетный период', 'number', 'руб'),
    ('Сумма произведенных расходов учреждения за отчетный период', 'number', 'руб'),
    ('Сумма немедицинских расходов учреждения за отчетный период', 'number', 'руб'),
    ('Фонд начисленной заработной платы административно-управленческого персонала за отчетный период', 'number', 'руб'),
    ('Фонд начисленной заработной платы персонала за отчетный период', 'number', 'руб'),
    ('Сумма просроченной дебиторской задолженности на отчетную дату', 'number', 'руб'),
    ('Балансовая стоимость активов', 'number', 'руб'),
    ('Совокупный объем поступлений/доходов с учетом остатков средств на начало отчетного периода', 'number', 'руб'),
    ('Частота внесения изменений в план ФХД (количество обновлений (версий) плана ФХД за отчетный период)','number', 'кол-во'),
    ('Сумма размещенных заказов по конкурентным процедурам закупки за отчетный период', 'number', 'руб'),
    ('Сумма планируемых к размещению конкурентных процедур закупок за отчетный период', 'number', 'руб'),
    ('Сумма закупок, осуществленных через совместные торги, за отчетный период', 'number', 'руб'),
    ('Сумма планируемых к размещению конкурентных процедур закупок за отчетный период', 'number', 'руб'),
    ('Общее количество лотов по заказам, размещенным за отчетный период на конкурентной основе', 'number', 'кол-во'),
    ('Общее количество заявок по лотам заказов, размещенных за отчетный период на конкурентной основе', 'number', 'кол-во'),
    ('Общее количество лотов по заказам, размещенным за отчетный период на конкурентной основе', 'number', 'кол-во'),
    ('Общее количество заявок по лотам заказов, размещенных за отчетный период на конкурентной основе', 'number', 'кол-во'),
    ('Сумма размещенных государственных заказов по конкурентным процедурам закупок за отчетный период', 'number', 'руб'),
    ('Совокупный объем поступлений/доходов учреждения (без учета субсидий на цели осуществления капитальных вложений)', 'number', 'руб'),
    ('Общая площадь недвижимого имущества, находящаяся в распоряжении учреждения (без учета земельных участков), на отчетную дату', 'number', 'кв.м'),
    ('Сумма произведенных расходов на оплату работ, услуг по содержанию имущества за отчетный период', 'number', 'руб'),
    ('Сумма произведенных расходов на оплату коммунальных услуг за отчетный период', 'number', 'руб'),
    ('Среднемесячная заработная плата среднего медперсонала учреждения за отчетный период', 'number', 'руб'),
    ('Среднемесячная заработная плата врачей учреждения за отчетный период', 'number', 'руб'),
    ('Количество уволившихся сотрудников за отчетный период', 'number', 'чел'),
    ('Среднесписочная численность сотрудников за отчетный период', 'number', 'чел'),
    ('Средняя численность административно-управленческого персонала', 'number', 'чел'),
    ('Численность врачей с высшей и первой квалификационными категориями', 'number', 'чел'),
    ('Общая численность врачей', 'number', 'чел'),
    ('Наличие плана ФХД за отчетный год на общегородском ресурсе открытых данных', 'checkbox', 'да/нет'),
    ('Наличие отчета об исполнении плана ФХД за предшествующий отчетному год на общегородском ресурсе открытых данных', 'checkbox', 'да/нет'),
    ('Наличие бухгалтерской отчетности за предшествующий отчетному год на общегородском ресурсе открытых данных', 'checkbox', 'да/нет'),
    ('Собственные доходы учреждения', 'number', 'руб');

INSERT INTO 
	structure (param_id, field_id)
VALUES
	(1,1), (1,2), (2,3), (2,2), (3,4), (3,5), (4,6), (4,7), (5,8), (5,2), (6,9), (7,10), (7,11), (8,12), (8,13), (9,14), (9,15), (10,16), (10,17), (11,18), (11,12), (12,19), (12,20), (13,21), (13,20), (14,22), (14,2), (15,23), (15,24), (16,25), (16,26), (17,27), (17,26), (18,28), (18,29), (19,30), (19,31), (19,32), (20,33), (20,19);

INSERT INTO 
	statuses (name) 
VALUES 
	('новый'), ('черновик'), ('отправлено'), ('принято'), ('отклонено');
    
INSERT INTO 
	forms (org_id, status_id, `quarter`, `year`, created_at) 
VALUES
	(1,3,4,2021,'2021-07-21 07:39:26'),
    (2,3,2,2021,'2021-10-21 03:01:07'),
    (3,1,2,2021,'2021-09-15 12:13:31'),
    (4,1,2,2021,'2021-11-26 11:07:32'),
    (5,1,3,2021,'2021-01-14 01:05:28'),
    (6,3,2,2021,'2021-10-26 15:15:22'),
    (7,3,4,2021,'2021-01-31 06:22:31'),
    (8,5,2,2021,'2021-06-17 00:57:52'),
    (9,1,4,2021,'2021-04-07 01:06:32'),
    (10,4,1,2021,'2021-08-06 00:35:56'),
    (11,5,2,2021,'2021-05-18 00:24:46'),
    (12,4,1,2021,'2021-10-01 17:32:07'),
    (13,4,1,2021,'2021-09-13 12:19:33'),
    (14,4,3,2021,'2021-02-17 11:59:32'),
    (15,2,1,2021,'2021-09-27 11:59:01'),
    (16,2,2,2021,'2021-08-07 09:29:27'),
    (17,2,4,2021,'2021-12-06 14:21:28'),
    (18,5,1,2021,'2021-11-03 06:18:43'),
    (19,3,1,2021,'2021-05-25 02:00:59'),
    (20,3,1,2021,'2021-08-28 18:44:25'),
    (21,3,1,2021,'2021-07-16 21:34:50'),
    (22,1,4,2021,'2021-01-10 08:21:31'),
    (23,1,4,2021,'2021-05-22 18:35:10'),
    (24,2,2,2021,'2021-02-10 12:43:16'),
    (25,3,2,2021,'2021-09-07 02:09:41'),
    (26,3,1,2021,'2021-06-13 05:59:48'),
    (27,5,1,2021,'2021-02-22 02:14:17'),
    (28,1,3,2021,'2021-01-14 05:51:05'),
    (29,3,2,2021,'2021-06-08 22:42:28'),
    (30,2,4,2021,'2021-05-16 12:53:12'),
    (31,5,2,2021,'2021-01-05 06:15:15'),
    (3,5,3,2021,'2021-08-10 14:15:36'),
    (4,1,1,2021,'2021-08-16 04:51:51'),
    (5,3,2,2021,'2021-08-26 19:50:54'),
    (6,2,1,2021,'2021-08-02 20:29:21'),
    (7,2,2,2021,'2021-01-26 01:26:26'),
    (8,1,3,2021,'2021-10-09 13:53:18'),
    (9,1,3,2021,'2021-10-16 13:34:07'),
    (12,3,3,2021,'2021-01-15 23:10:41'),
    (13,5,2,2021,'2021-04-16 06:31:45'),
    (15,3,4,2021,'2021-12-14 14:50:09'),
    (16,3,4,2021,'2021-06-23 11:32:53'),
    (17,2,2,2021,'2021-03-29 23:54:57'),
    (20,2,3,2021,'2021-11-26 21:26:13'),
    (22,2,3,2021,'2021-05-24 04:05:31'),
    (23,5,1,2021,'2021-06-29 21:19:25'),
    (24,3,1,2021,'2021-07-20 18:27:12'),
    (25,1,1,2021,'2021-10-16 04:25:11'),
    (26,1,3,2021,'2021-01-05 18:42:42'),
    (28,1,1,2021,'2021-07-03 01:50:37'),
    (30,1,2,2021,'2021-04-10 12:32:47'),
    (31,1,4,2021,'2021-03-10 13:51:17'),
    (1,5,1,2021,'2021-03-15 18:47:57'),
    (3,2,1,2021,'2021-12-02 06:59:11'),
    (4,3,4,2021,'2021-04-25 19:24:00'),
    (5,5,4,2021,'2021-04-18 04:35:03'),
    (8,2,4,2021,'2021-06-24 04:08:16'),
    (11,1,4,2021,'2021-06-12 18:15:07'),
    (12,3,4,2021,'2021-11-10 01:55:23'),
    (13,1,3,2021,'2021-07-02 15:05:08'),
    (14,2,2,2021,'2021-09-06 14:40:25'),
    (15,2,3,2021,'2021-06-22 09:08:32'),
    (17,1,3,2021,'2021-08-16 14:22:32'),
    (19,4,3,2021,'2021-03-15 19:20:02'),
    (21,4,3,2021,'2021-01-11 17:11:37'),
    (22,2,2,2021,'2021-10-26 03:45:11'),
    (23,5,3,2021,'2021-03-03 23:01:30'),
    (24,5,3,2021,'2021-09-05 18:41:09'),
    (25,3,4,2021,'2021-12-13 04:25:31'),
    (29,3,4,2021,'2021-07-08 21:42:32'),
    (30,5,3,2021,'2021-06-21 01:05:43'),
    (1,1,3,2021,'2021-03-10 21:36:10'),
    (2,5,3,2021,'2021-11-24 17:13:37'),
    (3,4,4,2021,'2021-12-04 10:16:10'),
    (4,4,3,2021,'2021-06-18 03:37:24'),
    (5,3,1,2021,'2021-05-29 16:38:28'),
    (1,4,2,2021,'2021-08-12 12:32:47'),
    (2,4,1,2021,'2021-05-18 11:42:32'),
    (8,4,1,2021,'2021-04-01 05:51:05'),
    (11,4,1,2021,'2021-05-21 18:42:42');
    
INSERT INTO `fields_values` VALUES (1,1,'7776920.66'),(1,3,'5123035.18'),(1,4,'2761172.95'),(1,5,'483476.46'),(1,7,'6965536.43'),(1,8,'6974471.61'),(1,9,'7923825.76'),(1,10,'5869311.89'),(1,12,'695479.77'),(1,13,'2677641.6'),(1,14,'3300654.7'),(1,15,'6758549.35'),(1,17,'6568473.26'),(1,18,'3995644.46'),(1,19,'1208662.88'),(1,22,'8968480.13'),(1,23,'6764456.99'),(1,24,'4415056.93'),(1,26,'5214469.46'),(1,27,'7753898.19'),(1,28,'103621.24'),(1,29,'710887.62'),(1,31,'3320202.04'),(1,32,'4875027.15'),(1,33,'4756020.32'),(2,1,'4197184.61'),(2,2,'3593973.97'),(2,4,'2928760.1'),(2,5,'8859349.84'),(2,6,'7148592.29'),(2,8,'5456689.71'),(2,9,'2718935.33'),(2,10,'2963113.54'),(2,11,'4384324.74'),(2,13,'5020675.48'),(2,14,'7784924.77'),(2,15,'1641092.24'),(2,16,'6984113.66'),(2,18,'5121047.22'),(2,19,'6679549.81'),(2,20,'2074152.3'),(2,23,'3185098.23'),(2,24,'5421997.54'),(2,25,'7460774.92'),(2,27,'1415769.92'),(2,28,'2546131.77'),(2,29,'5993359.96'),(2,30,'1618004.38'),(2,32,'3394714.74'),(2,33,'5330326.67'),(3,1,'4803686.8'),(3,2,'4831640.28'),(3,3,'4797206.28'),(3,5,'4788188.96'),(3,6,'6455039.2'),(3,7,'2515895.13'),(3,9,'7045691.19'),(3,10,'3257704.49'),(3,11,'6514695.83'),(3,12,'3098570.63'),(3,14,'917774.79'),(3,15,'1280748.11'),(3,16,'8971037.98'),(3,17,'1918883.67'),(3,19,'5735727.25'),(3,20,'1680607.76'),(3,21,'270160.57'),(3,24,'3234813.45'),(3,25,'4897668.55'),(3,26,'8590317.43'),(3,28,'2353133.23'),(3,29,'6230937.68'),(3,30,'307141.66'),(3,31,'3265289.69'),(3,33,'4618175.42'),(4,1,'1857132.34'),(4,2,'4910354.69'),(4,3,'2731120.61'),(4,4,'1168571.4'),(4,6,'5000400.57'),(4,7,'4691352.95'),(4,8,'7452944.99'),(4,10,'2750945.55'),(4,11,'5114160.27'),(4,12,'7110573.59'),(4,13,'5515948.96'),(4,15,'8214871.89'),(4,16,'3545539.31'),(4,17,'5982259.34'),(4,18,'8095350.29'),(4,20,'5241215.14'),(4,21,'4661349.33'),(4,22,'8734318.06'),(4,25,'8499901.63'),(4,26,'8120821.92'),(4,27,'3260018.01'),(4,29,'5268221.57'),(4,30,'4382134.51'),(4,31,'1263851.54'),(4,32,'4409298.71'),(5,2,'3623483.77'),(5,3,'6597101.84'),(5,4,'5000996.38'),(5,5,'980840.42'),(5,7,'8979877.94'),(5,8,'6385802.45'),(5,9,'1313539.3'),(5,11,'5051088.04'),(5,12,'8285429.66'),(5,13,'5571302.13'),(5,14,'4464772.27'),(5,16,'2954988.59'),(5,17,'3597816.33'),(5,18,'2595243.85'),(5,19,'425910.54'),(5,21,'453223.92'),(5,22,'4503992.75'),(5,23,'7494913.94'),(5,26,'3009009.38'),(5,27,'3029786.77'),(5,28,'2119529.32'),(5,30,'8570457.07'),(5,31,'7595479.68'),(5,32,'113618.55'),(5,33,'5680289.4'),(6,1,'6753216.6'),(6,3,'3649577.98'),(6,4,'1775927.85'),(6,5,'5274975.77'),(6,6,'803293.29'),(6,8,'4663877.11'),(6,9,'5894979.3'),(6,10,'6397251.61'),(6,12,'1314478.42'),(6,13,'7338165.59'),(6,14,'6693501.46'),(6,15,'2482447.98'),(6,17,'8120620.49'),(6,18,'1044503.95'),(6,19,'8456863.29'),(6,20,'2021195.57'),(6,22,'4182364.01'),(6,23,'2158493.68'),(6,24,'717374.83'),(6,27,'2280531.63'),(6,28,'1071273.4'),(6,29,'4648933.35'),(6,31,'6315650.44'),(6,32,'2334686.45'),(6,33,'1644026.2'),(7,1,'5705451.19'),(7,2,'4990984.16'),(7,4,'4863543'),(7,5,'5808148.82'),(7,6,'3411442.86'),(7,7,'7224842.98'),(7,9,'4945950.48'),(7,10,'3574524.57'),(7,11,'1287811.59'),(7,13,'306980.04'),(7,14,'4561640.37'),(7,15,'5163022.05'),(7,16,'3596768.24'),(7,18,'7176528.36'),(7,19,'8432599.64'),(7,20,'7946004.07'),(7,21,'8709677.18'),(7,23,'4950260.65'),(7,24,'2762133.68'),(7,25,'6206723.9'),(7,28,'5411612.94'),(7,29,'4965166.55'),(7,30,'1596696.58'),(7,32,'5355650.54'),(7,33,'1407969.45'),(8,1,'5626485.47'),(8,2,'3367549.04'),(8,3,'2732876.08'),(8,5,'7761477.97'),(8,6,'6104425.1'),(8,7,'6806229.14'),(8,8,'6937995.25'),(8,10,'7544875.92'),(8,11,'112156.83'),(8,12,'1950137.05'),(8,14,'5464376.78'),(8,15,'4298296.55'),(8,16,'7388160.95'),(8,17,'4992615.31'),(8,19,'1332421.42'),(8,20,'7965202.04'),(8,21,'5694395.93'),(8,22,'7295208.69'),(8,24,'8139351.92'),(8,25,'6574296.27'),(8,26,'1991663.89'),(8,29,'595314.86'),(8,30,'3384109.38'),(8,31,'2851948.31'),(8,33,'6360402.09'),(9,1,'4354407.26'),(9,2,'914161.91'),(9,3,'2882248.45'),(9,4,'3551019.12'),(9,6,'4479382.91'),(9,7,'7484711.82'),(9,8,'1380541.62'),(9,9,'8765209.29'),(9,11,'1936117.16'),(9,12,'1546181.61'),(9,13,'6721374.96'),(9,15,'1065876.98'),(9,16,'7345411.09'),(9,17,'623122.34'),(9,18,'288926.68'),(9,20,'6424161.96'),(9,21,'4070623.85'),(9,22,'7363950.28'),(9,23,'131696.92'),(9,25,'8880785.84'),(9,26,'5583943.95'),(9,27,'6416666.47'),(9,30,'8560081.4'),(9,31,'5867121.15'),(9,32,'4510963.49'),(10,2,'5885564.91'),(10,3,'394871.23'),(10,4,'7981650.28'),(10,5,'366132.37'),(10,7,'5350735.66'),(10,8,'1228421.83'),(10,9,'5369185.31'),(10,10,'7234347.49'),(10,12,'6318680.49'),(10,13,'1610513.47'),(10,14,'8257327.86'),(10,16,'4906460.39'),(10,17,'5645204.63'),(10,18,'4835466.39'),(10,19,'4213780.94'),(10,21,'5300558.17'),(10,22,'6855504.02'),(10,23,'5972614.56'),(10,24,'3769496.54'),(10,26,'5727610.64'),(10,27,'7311900.09'),(10,28,'6308423.37'),(10,31,'7774795.19'),(10,32,'6712172.81'),(10,33,'8785267.7'),(11,1,'3221219.64'),(11,3,'4555949.53'),(11,4,'8537387.49'),(11,5,'4008725.42'),(11,6,'5561527.8'),(11,8,'5802964.24'),(11,9,'5381891.97'),(11,10,'374257.11'),(11,11,'1181151.26'),(11,13,'3675096.53'),(11,14,'1422687.52'),(11,15,'8437446.59'),(11,17,'8935290.88'),(11,18,'3645990.95'),(11,19,'8707582.83'),(11,20,'8880753.87'),(11,22,'8966623.58'),(11,23,'8770564.41'),(11,24,'752108.31'),(11,25,'8734564.97'),(11,27,'2827206.61'),(11,28,'2650595.88'),(11,29,'7179798.37'),(11,32,'6347685.27'),(11,33,'6739467.8'),(12,1,'2829158.78'),(12,2,'4244702.84'),(12,4,'1003259.59'),(12,5,'2801670.35'),(12,6,'5517313.94'),(12,7,'7212463.12'),(12,9,'1312959.11'),(12,10,'1613669.13'),(12,11,'498646.28'),(12,12,'1653389.7'),(12,14,'6370358.99'),(12,15,'6820435.72'),(12,16,'5235036.3'),(12,18,'756265.73'),(12,19,'5074844.78'),(12,20,'4868154.19'),(12,21,'2431669.11'),(12,23,'7198934.19'),(12,24,'7639867.01'),(12,25,'3768872.41'),(12,26,'8063875.88'),(12,28,'5483007.7'),(12,29,'786604.7'),(12,30,'4683738.56'),(12,33,'1513737.44'),(13,1,'717142.92'),(13,2,'4774076.87'),(13,3,'5382288.77'),(13,5,'1764449.67'),(13,6,'4812889.55'),(13,7,'5269540.51'),(13,8,'5786168.54'),(13,10,'57579.66'),(13,11,'1265963.62'),(13,12,'3844317.7'),(13,13,'7564791.5'),(13,15,'8034404.82'),(13,16,'4189558.45'),(13,17,'128458.47'),(13,19,'4801510.98'),(13,20,'3662277.39'),(13,21,'8918279.5'),(13,22,'2360318.33'),(13,24,'135143.19'),(13,25,'2329578.6'),(13,26,'2793917.28'),(13,27,'262828.45'),(13,29,'8944530.86'),(13,30,'6870114.4'),(13,31,'5234795.1'),(14,2,'7100074.72'),(14,3,'8197237.2'),(14,4,'5944592.22'),(14,6,'960467.37'),(14,7,'5859048'),(14,8,'5696023.2'),(14,9,'7064305.57'),(14,11,'210514.56'),(14,12,'4792670.75'),(14,13,'2331242.21'),(14,14,'5649193.73'),(14,16,'3801143.5'),(14,17,'1317950.71'),(14,18,'5441845.61'),(14,20,'4285000.91'),(14,21,'4865120.91'),(14,22,'6627611.96'),(14,23,'2371837.77'),(14,25,'5626603.66'),(14,26,'287174.92'),(14,27,'2520338.49'),(14,28,'5826409.14'),(14,30,'8390295.87'),(14,31,'7170186.45'),(14,32,'6615373.92'),(15,3,'3004780.52'),(15,4,'1504130.78'),(15,5,'5556439.37'),(15,7,'1283259.91'),(15,8,'6745886.84'),(15,9,'1863056.01'),(15,10,'5368111.04'),(15,12,'5207065.86'),(15,13,'6867985.14'),(15,14,'8526411.59'),(15,15,'3534829.4'),(15,17,'1396429.85'),(15,18,'7680953.51'),(15,19,'3731913.82'),(15,21,'5589227.73'),(15,22,'3861308.35'),(15,23,'1699843.35'),(15,24,'7223052.88'),(15,26,'2653877.54'),(15,27,'3002172.82'),(15,28,'4826359.59'),(15,29,'8545410.57'),(15,31,'7910058.4'),(15,32,'4708717.87'),(15,33,'6558899.39'),(16,1,'7582104.71'),(16,4,'749346.04'),(16,5,'8497759.87'),(16,6,'6134989.97'),(16,8,'2284049.27'),(16,9,'2714881.51'),(16,10,'5189801.93'),(16,11,'8515801.86'),(16,13,'2719527.61'),(16,14,'7970289.54'),(16,15,'1482596.2'),(16,16,'5298179.78'),(16,18,'5724212.79'),(16,19,'8597762.4'),(16,20,'8175302.35'),(16,22,'4840538.74'),(16,23,'8781106.78'),(16,24,'7980375.32'),(16,25,'5975397.04'),(16,27,'7358771.06'),(16,28,'6608996.43'),(16,29,'3004401.72'),(16,30,'219997.76'),(16,32,'4644198.98'),(16,33,'4413925.92'),(17,1,'177126.15'),(17,2,'1104562.2'),(17,5,'6558914.65'),(17,6,'8355402.18'),(17,7,'7250379.82'),(17,9,'5757812.93'),(17,10,'8706956.98'),(17,11,'6768422.1'),(17,12,'1982209.7'),(17,14,'3380861.59'),(17,15,'2153213.43'),(17,16,'1960870.01'),(17,17,'6201075.08'),(17,19,'3776211.3'),(17,20,'329138.47'),(17,21,'2523467.24'),(17,23,'649066.15'),(17,24,'6903799.36'),(17,25,'2293664.76'),(17,26,'7460303.74'),(17,28,'8376276.89'),(17,29,'551385.88'),(17,30,'4605651.07'),(17,31,'1321005.19'),(17,33,'7405273.57'),(18,1,'1335930.34'),(18,2,'5431577.66'),(18,3,'5550536.75'),(18,6,'2314822.09'),(18,7,'7937121.99'),(18,8,'4230443.13'),(18,10,'3517418.53'),(18,11,'3503928.54'),(18,12,'171694.78'),(18,13,'630422.96'),(18,15,'6718522.56'),(18,16,'2691365.53'),(18,17,'8589887.66'),(18,18,'2950398.11'),(18,20,'5009890.83'),(18,21,'7447400.95'),(18,22,'241984.97'),(18,24,'4362155.75'),(18,25,'2924703.3'),(18,26,'2758609.19'),(18,27,'2605273.38'),(18,29,'2070123.88'),(18,30,'4089246.79'),(18,31,'6705134.71'),(18,32,'8839621.24'),(19,2,'298660.84'),(19,3,'1571156.18'),(19,4,'8405738.53'),(19,7,'2431426.84'),(19,8,'7749113.94'),(19,9,'8255525.35'),(19,11,'7730464.44'),(19,12,'2466188.91'),(19,13,'5545966.42'),(19,14,'4115889.77'),(19,16,'4764879.05'),(19,17,'800977.48'),(19,18,'7068638.04'),(19,19,'8518272.16'),(19,21,'5380001.32'),(19,22,'8170601.21'),(19,23,'4827277.48'),(19,25,'8253334.21'),(19,26,'6163999.43'),(19,27,'8627137.95'),(19,28,'8821311.42'),(19,30,'5514468.03'),(19,31,'3033130.04'),(19,32,'2702161.02'),(19,33,'2657539.52'),(20,1,'761807.06'),(20,3,'6538444.34'),(20,4,'919601.2'),(20,5,'8072092.5'),(20,8,'3652792.92'),(20,9,'5597587.25'),(20,10,'7825806.79'),(20,12,'2446864.94'),(20,13,'5182363.22'),(20,14,'4363221.84'),(20,15,'5573476.72'),(20,17,'7710036.48'),(20,18,'2575171.58'),(20,19,'689095.23'),(20,20,'2282928.73'),(20,22,'5078999.49'),(20,23,'908138.55'),(20,24,'3356428.98'),(20,26,'4539186.83'),(20,27,'113876.66'),(20,28,'5113008.41'),(20,29,'1988187.48'),(20,31,'1907561.85'),(20,32,'8118240.2'),(20,33,'7649101.6'),(21,1,'1778825.11'),(21,2,'2569209.91'),(21,4,'3705711.22'),(21,5,'3834181.83'),(21,6,'546255.19'),(21,9,'4046337.84'),(21,10,'358712.57'),(21,11,'5526742.83'),(21,13,'3889162.45'),(21,14,'4284909.94'),(21,15,'2668307.75'),(21,16,'5673279.79'),(21,18,'859204.76'),(21,19,'4475165.55'),(21,20,'6031370.08'),(21,21,'8032283.87'),(21,23,'516458.32'),(21,24,'3771128.29'),(21,25,'3536736.69'),(21,27,'887189.91'),(21,28,'552533.13'),(21,29,'7718852.98'),(21,30,'39429.86'),(21,32,'566724.42'),(21,33,'8464765.67'),(22,1,'7309795.2'),(22,2,'8302490.59'),(22,3,'3458579.06'),(22,5,'3365296.37'),(22,6,'305705.94'),(22,7,'1723311.36'),(22,10,'1899867.62'),(22,11,'693538.76'),(22,12,'3529599.89'),(22,14,'1265659.15'),(22,15,'2781208.89'),(22,16,'2290465.95'),(22,17,'8497596.18'),(22,19,'8016835.15'),(22,20,'1089930.24'),(22,21,'2563280.8'),(22,22,'7904267.77'),(22,24,'2056665.38'),(22,25,'6058096.34'),(22,26,'6997313.58'),(22,28,'3137554.21'),(22,29,'8653273.29'),(22,30,'202826.5'),(22,31,'7604945.05'),(22,33,'1341347.89'),(23,1,'8376350.56'),(23,2,'4073988.34'),(23,3,'2622816.58'),(23,4,'2667071.32'),(23,6,'8366571.53'),(23,7,'3324721.94'),(23,8,'8708628.61'),(23,11,'1872187.64'),(23,12,'4116069.73'),(23,13,'8131979.15'),(23,15,'1434723.25'),(23,16,'7689590.51'),(23,17,'3961135.53'),(23,18,'4742954.82'),(23,20,'1927805.54'),(23,21,'3966980.14'),(23,22,'3840929.44'),(23,23,'8695404.04'),(23,25,'7559357.91'),(23,26,'8566213.36'),(23,27,'8109058.46'),(23,29,'6910717.56'),(23,30,'3147334.05'),(23,31,'8374223.74'),(23,32,'1103522.13'),(24,2,'5709004.14'),(24,3,'8477958'),(24,4,'8580000.01'),(24,5,'3695436.78'),(24,7,'3223079.07'),(24,8,'2284003.42'),(24,9,'718811.4'),(24,12,'7334798.28'),(24,13,'7275813.75'),(24,14,'605697.01'),(24,16,'6402072.77'),(24,17,'5814802.97'),(24,18,'4846661.83'),(24,19,'6122569.54'),(24,21,'6104543.61'),(24,22,'3495721.4'),(24,23,'4448692.96'),(24,24,'820564.19'),(24,26,'3450382.81'),(24,27,'8780087.9'),(24,28,'1757492.11'),(24,30,'8418467.92'),(24,31,'3435788.99'),(24,32,'7764627.09'),(24,33,'1262395.89'),(25,1,'7216252.5'),(25,3,'411613.2'),(25,4,'4521742.03'),(25,5,'2906879.94'),(25,6,'3035064.67'),(25,8,'4211725.1'),(25,9,'1593756.21'),(25,10,'1599695.52'),(25,13,'6552499.86'),(25,14,'7100589.29'),(25,15,'4474963.49'),(25,17,'5291143.95'),(25,18,'2474272.44'),(25,19,'7382472.45'),(25,20,'100578'),(25,22,'1043353.68'),(25,23,'1481148.85'),(25,24,'180673.02'),(25,25,'8989612.92'),(25,27,'8105402.62'),(25,28,'5109157.56'),(25,29,'5239293.59'),(25,31,'49637.27'),(25,32,'2938439.89'),(25,33,'5755935.81'),(26,1,'6134094.01'),(26,2,'785611.84'),(26,4,'8811107.19'),(26,5,'5790705.46'),(26,6,'4821110.83'),(26,7,'7384772.66'),(26,9,'4979483.12'),(26,10,'3170315.11'),(26,11,'4531326.46'),(26,14,'6568925.48'),(26,15,'1877305.39'),(26,16,'1757977'),(26,18,'6885735.92'),(26,19,'2071731.69'),(26,20,'1162830.77'),(26,21,'5863358.55'),(26,23,'6661055.79'),(26,24,'1334118.74'),(26,25,'7859256.88'),(26,26,'2374319.38'),(26,28,'7041845.66'),(26,29,'285208.43'),(26,30,'92134.57'),(26,32,'7796615.48'),(26,33,'6863429.05'),(27,1,'1813304.64'),(27,2,'2493413.83'),(27,3,'6706653.63'),(27,5,'8599335.95'),(27,6,'3840573.04'),(27,7,'8372644.53'),(27,8,'5577207.26'),(27,10,'434436.79'),(27,11,'4385121.27'),(27,12,'7061199.28'),(27,15,'4418571.79'),(27,16,'7729428.42'),(27,17,'4379023.69'),(27,19,'4294603.54'),(27,20,'5641975.41'),(27,21,'7442620.11'),(27,22,'7822449.55'),(27,24,'8657993.93'),(27,25,'7791266.35'),(27,26,'4981153.44'),(27,27,'1993907.61'),(27,29,'2807616.33'),(27,30,'5372819.21'),(27,31,'584549.23'),(27,33,'2551616.89'),(28,1,'2126309.07'),(28,2,'3141953.06'),(28,3,'2278015.31'),(28,4,'1640360.17'),(28,6,'4579113.98'),(28,7,'5558231.15'),(28,8,'2365984.73'),(28,9,'1430111.56'),(28,11,'4800166.51'),(28,12,'2423470.96'),(28,13,'7779325.08'),(28,16,'5294025.54'),(28,17,'8082047.14'),(28,18,'4685308.7'),(28,20,'7180435.21'),(28,21,'5269082.66'),(28,22,'4150804.27'),(28,23,'8847155.53'),(28,25,'1220656.37'),(28,26,'1375810.71'),(28,27,'3661102.22'),(28,28,'6991331.26'),(28,30,'6766637.59'),(28,31,'7828328.83'),(28,32,'6054260.79'),(29,2,'2357547.04'),(29,3,'7845295.67'),(29,4,'1739884.36'),(29,5,'7272640.12'),(29,7,'8935950.97'),(29,8,'980185.56'),(29,9,'5530018.86'),(29,10,'7867165.35'),(29,12,'1200392.14'),(29,13,'3605055.98'),(29,14,'8699553.07'),(29,17,'94035.42'),(29,18,'2301639.8'),(29,19,'5679479.05'),(29,21,'3343847.91'),(29,22,'7639288.4'),(29,23,'7650219.53'),(29,24,'8764686.52'),(29,26,'7131835.47'),(29,27,'2617646.35'),(29,28,'51319.81'),(29,29,'531483.12'),(29,31,'4659654.45'),(29,32,'6666138.54'),(29,33,'612209.83'),(30,1,'4229376.34'),(30,3,'1911791.41'),(30,4,'4049521.54'),(30,5,'8613591.37'),(30,6,'7500045.93'),(30,8,'5207615.45'),(30,9,'5601917.72'),(30,10,'7556959.42'),(30,11,'3518637.09'),(30,13,'4903987.32'),(30,14,'7174546.81'),(30,15,'3659976.44'),(30,18,'5700912.42'),(30,19,'2296001.93'),(30,20,'4752962.89'),(30,22,'8447336.87'),(30,23,'3983848.95'),(30,24,'6854580.85'),(30,25,'5154097.78'),(30,27,'3025365.11'),(30,28,'2034547.54'),(30,29,'248725.51'),(30,30,'1483929.95'),(30,32,'2815601.58'),(30,33,'6213086.25'),(31,1,'8601082.45'),(31,2,'2076351.87'),(31,4,'8996120.96'),(31,5,'324478.92'),(31,6,'8726778.57'),(31,7,'521555.35'),(31,9,'8886585.55'),(31,10,'1026687.62'),(31,11,'3300642.9'),(31,12,'585803.35'),(31,14,'7152308.18'),(31,15,'5831601.86'),(31,16,'1398816.93'),(31,19,'7041666.75'),(31,20,'2551435.39'),(31,21,'8900742.78'),(31,23,'3325966.96'),(31,24,'8317088.58'),(31,25,'2808421.8'),(31,26,'3685890.51'),(31,28,'2977703.05'),(31,29,'3188310.43'),(31,30,'1363302.26'),(31,31,'2962990.7'),(31,33,'3984127.35'),(32,1,'6588036.09'),(32,2,'3948182.68'),(32,3,'3481071.95'),(32,5,'1363361.67'),(32,6,'1122315.04'),(32,7,'2334894.51'),(32,8,'2772029.78'),(32,10,'2744907.59'),(32,11,'6090821.2'),(32,12,'4741225.31'),(32,13,'4902629.68'),(32,15,'7250346.88'),(32,16,'7432721.1'),(32,17,'7293479.83'),(32,20,'1599705.57'),(32,21,'5452234.8'),(32,22,'3325948.19'),(32,24,'5487856.11'),(32,25,'5355263.19'),(32,26,'3860071.33'),(32,27,'7412192.99'),(32,29,'8856994.59'),(32,30,'7957674.49'),(32,31,'3372907.26'),(32,32,'2015975.08'),(33,2,'4042318.95'),(33,3,'7382349.31'),(33,4,'2470442.12'),(33,6,'5370798.35'),(33,7,'3528323.66'),(33,8,'7595304.58'),(33,9,'7783438.55'),(33,11,'2675366.56'),(33,12,'4450179.03'),(33,13,'7211483.54'),(33,14,'2856675.43'),(33,16,'8563397.57'),(33,17,'3457602.79'),(33,18,'2800773.43'),(33,21,'2964353.99'),(33,22,'1351361.89'),(33,23,'6396164.5'),(33,25,'8127058.24'),(33,26,'8468038.68'),(33,27,'2525789.91'),(33,28,'5392407.69'),(33,30,'6457790.23'),(33,31,'2465490.61'),(33,32,'2584679.93'),(33,33,'1211996.02'),(34,1,'3060575.11'),(34,3,'7390105.03'),(34,4,'4439909.51'),(34,5,'7614927.18'),(34,7,'7791735.54'),(34,8,'3022779.66'),(34,9,'4602462.23'),(34,10,'1592859.91'),(34,12,'7911939.37'),(34,13,'8874813.95'),(34,14,'5682180.35'),(34,15,'7376231.71'),(34,17,'4439637.29'),(34,18,'680463.96'),(34,19,'3561329.22'),(34,22,'8239048.93'),(34,23,'682552.74'),(34,24,'3022307.61'),(34,26,'5160431.53'),(34,27,'6848205.7'),(34,28,'3304515.97'),(34,29,'1310656.97'),(34,31,'3498917.69'),(34,32,'8247773.26'),(34,33,'790334.01'),(35,1,'1069653.36'),(35,2,'6153156.91'),(35,4,'6737315.48'),(35,5,'5006311.28'),(35,6,'99761.04'),(35,8,'3202690.15'),(35,9,'8920149.05'),(35,10,'7443187.24'),(35,11,'1215912.97'),(35,13,'3299370.38'),(35,14,'5475168.89'),(35,15,'1212626.34'),(35,16,'6872451.57'),(35,18,'3136705.06'),(35,19,'8202584.37'),(35,20,'8692201.6'),(35,23,'2063371.65'),(35,24,'4746154.76'),(35,25,'2305865.69'),(35,27,'4824185.18'),(35,28,'8441338.87'),(35,29,'8104010.23'),(35,30,'5535639.65'),(35,32,'3666753.72'),(35,33,'1188328.19'),(36,1,'8793499.63'),(36,2,'6453680.76'),(36,3,'2209827.09'),(36,5,'1238773.2'),(36,6,'4317599.02'),(36,7,'2606029.5'),(36,9,'8022040.87'),(36,10,'8497456.6'),(36,11,'3180032.75'),(36,12,'1104945.19'),(36,14,'2625098.09'),(36,15,'8343168.18'),(36,16,'4128407.27'),(36,17,'3227180.45'),(36,19,'6632772.65'),(36,20,'490714.37'),(36,21,'1252533.87'),(36,24,'4688719.99'),(36,25,'5711687.57'),(36,26,'2554448.02'),(36,28,'8138982.16'),(36,29,'588998.44'),(36,30,'591337.18'),(36,31,'1846498.03'),(36,33,'5056772.46'),(37,1,'3903747.41'),(37,2,'4623653.29'),(37,3,'6273998.9'),(37,4,'5056346.19'),(37,6,'3383298.66'),(37,7,'3853434.99'),(37,8,'1022976.76'),(37,10,'4424924.27'),(37,11,'7747198.77'),(37,12,'5083618.88'),(37,13,'5377308.05'),(37,15,'3321781.43'),(37,16,'7215083.14'),(37,17,'2057598.1'),(37,18,'953867.39'),(37,20,'7975324.62'),(37,21,'7402705.63'),(37,22,'6127853.57'),(37,25,'1900455.04'),(37,26,'3973887.07'),(37,27,'4636723.34'),(37,29,'1813104.59'),(37,30,'6846522.45'),(37,31,'7975510.38'),(37,32,'8958822.68'),(38,2,'2113953.26'),(38,3,'6760733.31'),(38,4,'4275520.04'),(38,5,'4270540.1'),(38,7,'1265350.26'),(38,8,'2635381.06'),(38,9,'6677309.75'),(38,11,'2196203.92'),(38,12,'1202096.48'),(38,13,'3003676.62'),(38,14,'7397326.42'),(38,16,'5377161.3'),(38,17,'8508504.76'),(38,18,'5595880.68'),(38,19,'8940109.04'),(38,21,'4987846.17'),(38,22,'4042954.51'),(38,23,'937111.72'),(38,26,'2519306.48'),(38,27,'2381226.34'),(38,28,'8198628.98'),(38,30,'5307197.5'),(38,31,'5941934.15'),(38,32,'2752512.22'),(38,33,'6428724.03'),(39,1,'8472354.09'),(39,3,'7137569.76'),(39,4,'1942745.9'),(39,5,'4544088.31'),(39,6,'2122649.65'),(39,8,'7684133.86'),(39,9,'6341492.44'),(39,10,'3987588.8'),(39,12,'1388228.31'),(39,13,'1895728.58'),(39,14,'2461960.55'),(39,15,'3466386.94'),(39,17,'172286.54'),(39,18,'842699.48'),(39,19,'6913808.84'),(39,20,'1229859.88'),(39,22,'6343579.72'),(39,23,'6889851.77'),(39,24,'2278855.57'),(39,27,'5309433.35'),(39,28,'4005343.12'),(39,29,'6022768.43'),(39,31,'3511319.38'),(39,32,'4651428.92'),(39,33,'5916844.35'),(40,1,'3925346.73'),(40,2,'8919856.1'),(40,4,'1812987.91'),(40,5,'3555788.14'),(40,6,'8788925.09'),(40,7,'2345352.08'),(40,9,'2726895.1'),(40,10,'1549101.89'),(40,11,'5732457.38'),(40,13,'120353.05'),(40,14,'8973581.47'),(40,15,'1415845.91'),(40,16,'549560.26'),(40,18,'8212905.31'),(40,19,'996479.84'),(40,20,'1724197.14'),(40,21,'1215417.09'),(40,23,'609124.59'),(40,24,'2796242.32'),(40,25,'5898837.96'),(40,28,'508615.06'),(40,29,'8489023.62'),(40,30,'172712.2'),(40,32,'5654983.04'),(40,33,'2384414.88'),(41,1,'6349675.7'),(41,2,'4315235.34'),(41,3,'3158222.83'),(41,5,'3952826.77'),(41,6,'7303211.96'),(41,7,'1956644.95'),(41,8,'5372135.49'),(41,10,'8663727.32'),(41,11,'7382564.86'),(41,12,'4973367.99'),(41,14,'2561149.76'),(41,15,'872714.53'),(41,16,'3825881.81'),(41,17,'7523173.18'),(41,19,'4903544.52'),(41,20,'6875542.72'),(41,21,'6676021.61'),(41,22,'8638392.48'),(41,24,'3385149.25'),(41,25,'4668873.29'),(41,26,'7034874.71'),(41,29,'4832553.11'),(41,30,'4460065.31'),(41,31,'6266029.55'),(41,33,'4747849.97'),(42,1,'6028442.88'),(42,2,'6466381.37'),(42,3,'623529.03'),(42,4,'1697817.41'),(42,6,'2186057.26'),(42,7,'1539307.26'),(42,8,'6624787.64'),(42,9,'149191.59'),(42,11,'1723528.99'),(42,12,'5637002.45'),(42,13,'8965666.92'),(42,15,'8756368.3'),(42,16,'4793130.86'),(42,17,'2956621.94'),(42,18,'4598469.85'),(42,20,'978464.57'),(42,21,'7728316.13'),(42,22,'2199338.85'),(42,23,'8862178.53'),(42,25,'4297824.59'),(42,26,'7478456.88'),(42,27,'30081.44'),(42,30,'1198474.95'),(42,31,'5709413.82'),(42,32,'1002688.61'),(43,2,'736166.24'),(43,3,'3414137.57'),(43,4,'3890253.74'),(43,5,'6769115.32'),(43,7,'1730244.97'),(43,8,'8362116.54'),(43,9,'995872.65'),(43,10,'7768837.33'),(43,12,'7465947.59'),(43,13,'6085730.92'),(43,14,'3494663.87'),(43,16,'1062111.22'),(43,17,'7341626.3'),(43,18,'2046136.46'),(43,19,'6657861.25'),(43,21,'1564624.66'),(43,22,'4295066.66'),(43,23,'1064434.49'),(43,24,'719335.71'),(43,26,'5071375.31'),(43,27,'8750742.69'),(43,28,'721105.95'),(43,31,'1656282.43'),(43,32,'6908450.26'),(43,33,'7523810.98'),(44,1,'6294882.17'),(44,3,'4930287.7'),(44,4,'3722767.7'),(44,5,'3021158.19'),(44,6,'5479932.07'),(44,8,'7515744.01'),(44,9,'4667824.63'),(44,10,'8910126.52'),(44,11,'2611622.88'),(44,13,'1255632.71'),(44,14,'4904173.34'),(44,15,'134353.85'),(44,17,'8962186.87'),(44,18,'375848.32'),(44,19,'6623324.61'),(44,20,'5755468.34'),(44,22,'3370017.51'),(44,23,'801735.86'),(44,24,'4823515.29'),(44,25,'3264361.08'),(44,27,'3780137.64'),(44,28,'2284515.33'),(44,29,'2933447.28'),(44,32,'2059136.48'),(44,33,'6931267.22'),(45,1,'2162285.71'),(45,2,'3016889.03'),(45,4,'3973525.68'),(45,5,'5289077.74'),(45,6,'2014886.99'),(45,7,'468436.18'),(45,9,'2563901.72'),(45,10,'6582606.6'),(45,11,'8957765.81'),(45,12,'7303471.87'),(45,14,'5289832.93'),(45,15,'2905215.83'),(45,16,'6843975.02'),(45,18,'7050136.21'),(45,19,'491337.77'),(45,20,'4083950.47'),(45,21,'2771584.04'),(45,23,'1326505.35'),(45,24,'5972709.58'),(45,25,'8777982.7'),(45,26,'3842683.01'),(45,28,'526243.15'),(45,29,'1435635.39'),(45,30,'334103.57'),(45,33,'5150500.14'),(46,1,'8159062.12'),(46,2,'4402481.37'),(46,3,'4746457.81'),(46,5,'7645912.22'),(46,6,'6928930.73'),(46,7,'2328940.99'),(46,8,'6289192.63'),(46,10,'7834833.04'),(46,11,'531307.46'),(46,12,'4784939.18'),(46,13,'2068570.35'),(46,15,'7163321.26'),(46,16,'6999085.34'),(46,17,'1192580.87'),(46,19,'395152.55'),(46,20,'2231321.17'),(46,21,'5094845.04'),(46,22,'7409934.97'),(46,24,'8556513.12'),(46,25,'8307136.59'),(46,26,'5613305'),(46,27,'5532882.51'),(46,29,'6526057.72'),(46,30,'6333234.8'),(46,31,'3023755.6'),(47,2,'1458270.96'),(47,3,'4525861.52'),(47,4,'1457748.71'),(47,6,'5027821.83'),(47,7,'4149034.55'),(47,8,'1695667.28'),(47,9,'2850483.08'),(47,11,'3586322.09'),(47,12,'945753.93'),(47,13,'3960491.5'),(47,14,'8314119.58'),(47,16,'4242439.15'),(47,17,'323718.35'),(47,18,'1463960.93'),(47,20,'3781243.75'),(47,21,'6698926.18'),(47,22,'5514140.63'),(47,23,'5884452.23'),(47,25,'6130917.89'),(47,26,'1795539.02'),(47,27,'6819275.63'),(47,28,'2186903.6'),(47,30,'3119844.6'),(47,31,'6064257.51'),(47,32,'2072337.11'),(48,3,'5724856.72'),(48,4,'3479280.96'),(48,5,'6008480.34'),(48,7,'615314.08'),(48,8,'5659191.65'),(48,9,'7545979.47'),(48,10,'5568681.1'),(48,12,'6122701.51'),(48,13,'5167883.9'),(48,14,'2412585.59'),(48,15,'4051758.09'),(48,17,'54985.77'),(48,18,'8038464.68'),(48,19,'3503155.88'),(48,21,'5436421.91'),(48,22,'62436.24'),(48,23,'956587.35'),(48,24,'1605022.54'),(48,26,'1409068.66'),(48,27,'1298366.01'),(48,28,'4087593.17'),(48,29,'2399883.24'),(48,31,'8380838.77'),(48,32,'4014229.24'),(48,33,'8437679.26'),(49,1,'1210378.92'),(49,4,'2202517.02'),(49,5,'1384038.14'),(49,6,'6462870.67'),(49,8,'3993919.04'),(49,9,'2922059.41'),(49,10,'5882504.54'),(49,11,'2770976.38'),(49,13,'8682696.78'),(49,14,'2300613.73'),(49,15,'6781505.83'),(49,16,'8542584.61'),(49,18,'4384037.89'),(49,19,'5278423.66'),(49,20,'2372250.89'),(49,22,'639984.89'),(49,23,'8738489.14'),(49,24,'4903548.03'),(49,25,'6591047.05'),(49,27,'3150579.58'),(49,28,'4920559.49'),(49,29,'7274186.27'),(49,30,'7284.47'),(49,32,'3807109.58'),(49,33,'6757227.14'),(50,1,'3848923.43'),(50,2,'4236692.74'),(50,5,'3891960.5'),(50,6,'360878.96'),(50,7,'7855656.68'),(50,9,'1521397.62'),(50,10,'35121.4'),(50,11,'4856772.11'),(50,12,'831032.98'),(50,14,'3936270.75'),(50,15,'1971442.29'),(50,16,'1492549.67'),(50,17,'1980613.88'),(50,19,'2126143.61'),(50,20,'7780057.74'),(50,21,'6987280'),(50,23,'1172227.75'),(50,24,'2438592.51'),(50,25,'1215558.34'),(50,26,'3349935.92'),(50,28,'8246882.41'),(50,29,'5784477.92'),(50,30,'2385561.45'),(50,31,'1292949.98'),(50,33,'7946849.26'),(51,1,'2870929.06'),(51,2,'825264.06'),(51,3,'469384.17'),(51,6,'8722993.59'),(51,7,'4757392.68'),(51,8,'5555107.05'),(51,10,'8341850.36'),(51,11,'2853651.14'),(51,12,'7328221.42'),(51,13,'6949115.77'),(51,15,'3389755.27'),(51,16,'3949705.5'),(51,17,'6036187.93'),(51,18,'7819969.21'),(51,20,'5159745.36'),(51,21,'8709278.38'),(51,22,'4152448.75'),(51,24,'5893740.41'),(51,25,'854844.73'),(51,26,'773967.69'),(51,27,'3331397.05'),(51,29,'5751074.92'),(51,30,'3017749.5'),(51,31,'5704742.11'),(51,32,'2038086.26'),(52,2,'1380107.81'),(52,3,'8481509.68'),(52,4,'4804846.53'),(52,7,'5930597.79'),(52,8,'7131119.37'),(52,9,'4159489.9'),(52,11,'8943453.43'),(52,12,'8610088.23'),(52,13,'2626553.3'),(52,14,'1428869.81'),(52,16,'7836456.36'),(52,17,'2456915.44'),(52,18,'2272256.47'),(52,19,'8526852.62'),(52,21,'187243.34'),(52,22,'4534274.3'),(52,23,'7731061.08'),(52,25,'774172.2'),(52,26,'7289818.51'),(52,27,'3348237.83'),(52,28,'3063464.64'),(52,30,'4654480.25'),(52,31,'2826474.51'),(52,32,'6930863.37'),(52,33,'4385238.55'),(53,1,'3708504.26'),(53,3,'1109572.67'),(53,4,'745174.93'),(53,5,'5927741.42'),(53,8,'3131373.09'),(53,9,'559719.22'),(53,10,'5394679.44'),(53,12,'424775.12'),(53,13,'2726011.28'),(53,14,'5319029.62'),(53,15,'7589978.06'),(53,17,'3641267.87'),(53,18,'1795584.26'),(53,19,'8993676.49'),(53,20,'3238832.41'),(53,22,'7587640.86'),(53,23,'4618614.99'),(53,24,'1270509.6'),(53,26,'8691073.42'),(53,27,'8097484.15'),(53,28,'7948890.09'),(53,29,'1882054.85'),(53,31,'1691097.82'),(53,32,'4086284.52'),(53,33,'6177029.15'),(54,1,'3700574.83'),(54,2,'8643252.74'),(54,4,'2461899.02'),(54,5,'7318310.5'),(54,6,'3736397.58'),(54,9,'2715132.41'),(54,10,'2451949.24'),(54,11,'2802123.65'),(54,13,'655562.85'),(54,14,'7357852.5'),(54,15,'7217994.57'),(54,16,'6357202.64'),(54,18,'7735632.69'),(54,19,'2183401.69'),(54,20,'3650468.95'),(54,21,'7167114.46'),(54,23,'8667642.85'),(54,24,'7310550.38'),(54,25,'5030599.02'),(54,27,'8832005.15'),(54,28,'5644048.8'),(54,29,'8877947.88'),(54,30,'6195066.53'),(54,32,'7014933.38'),(54,33,'7864246.51'),(55,1,'7319896.24'),(55,2,'7310183.41'),(55,3,'8162469.16'),(55,5,'7868812.32'),(55,6,'4673760.68'),(55,7,'4446052.91'),(55,10,'3177143.97'),(55,11,'7040306.93'),(55,12,'2679831.41'),(55,14,'4097179.38'),(55,15,'4398206.41'),(55,16,'6385169'),(55,17,'6572260.14'),(55,19,'8096278.48'),(55,20,'5917750.07'),(55,21,'7052919.15'),(55,22,'5651533.16'),(55,24,'2362447.56'),(55,25,'6992794.7'),(55,26,'6092053.56'),(55,28,'8873003.78'),(55,29,'89898.65'),(55,30,'1701417.66'),(55,31,'2818318.74'),(55,33,'5023664.76'),(56,1,'371602'),(56,2,'8482669.29'),(56,3,'8073935.67'),(56,4,'6595968.45'),(56,6,'8816950.65'),(56,7,'86410.44'),(56,8,'6340187.66'),(56,11,'7975835.64'),(56,12,'7258318.24'),(56,13,'3716265.02'),(56,15,'8842111.17'),(56,16,'7583618.01'),(56,17,'5683104.81'),(56,18,'2588252.69'),(56,20,'5413246.57'),(56,21,'602460.11'),(56,22,'6834794.92'),(56,23,'822471.62'),(56,25,'8304100.79'),(56,26,'3278000.8'),(56,27,'7541154.85'),(56,29,'6712421.56'),(56,30,'5714752.82'),(56,31,'7125911.26'),(56,32,'8366107.05'),(57,2,'6783728.36'),(57,3,'8233963.51'),(57,4,'2416877.85'),(57,5,'4580045.17'),(57,7,'8708286.82'),(57,8,'1803398.69'),(57,9,'2978837.34'),(57,12,'795854.73'),(57,13,'3951447.19'),(57,14,'8908897.33'),(57,16,'7199407.86'),(57,17,'5067954.19'),(57,18,'8259865.08'),(57,19,'2386758.7'),(57,21,'1317644.26'),(57,22,'8805450.3'),(57,23,'4641479.04'),(57,24,'2440060.64'),(57,26,'5031971.93'),(57,27,'510725.4'),(57,28,'3935584.05'),(57,30,'5272676.72'),(57,31,'8267936.23'),(57,32,'2192653.91'),(57,33,'6074971.91'),(58,1,'582777.88'),(58,3,'3899365.82'),(58,4,'7503009.08'),(58,5,'676995.59'),(58,6,'6978745.19'),(58,8,'3350736.3'),(58,9,'3202868.91'),(58,10,'6070181.15'),(58,13,'3700316.08'),(58,14,'7980702.39'),(58,15,'1794843.41'),(58,17,'3998100.48'),(58,18,'8844796.35'),(58,19,'4531203.6'),(58,20,'5804567.33'),(58,22,'249948.19'),(58,23,'3991313.27'),(58,24,'7318179.76'),(58,25,'6741409.73'),(58,27,'616821.7'),(58,28,'4887220.39'),(58,29,'1495483.58'),(58,31,'6971918.17'),(58,32,'3009832.97'),(58,33,'2869053.23'),(59,1,'6989872.33'),(59,2,'1506712.62'),(59,4,'1899813.5'),(59,5,'2382836.7'),(59,6,'4570708.54'),(59,7,'7203943.67'),(59,9,'7802369.46'),(59,10,'1870660.05'),(59,11,'418149.94'),(59,14,'857502.34'),(59,15,'684315.41'),(59,16,'3467143.24'),(59,18,'5101113.11'),(59,19,'4197949.86'),(59,20,'4399240.79'),(59,21,'50819.25'),(59,23,'3997082.14'),(59,24,'8069986.51'),(59,25,'4556215.72'),(59,26,'2622899.84'),(59,28,'153152.17'),(59,29,'4161319.8'),(59,30,'5278219.45'),(59,32,'3078562.11'),(59,33,'4965898.48'),(60,1,'944464.38'),(60,2,'1257781.64'),(60,3,'2149098.5'),(60,5,'533282.12'),(60,6,'2409495.74'),(60,7,'8534007.77'),(60,8,'1303394.19'),(60,10,'2307300.77'),(60,11,'5502158.35'),(60,12,'8416196.36'),(60,15,'1845385.36'),(60,16,'8349076.17'),(60,17,'2069265.44'),(60,19,'1303477.1'),(60,20,'2372077.85'),(60,21,'4048056.94'),(60,22,'8946410.43'),(60,24,'3567056.51'),(60,25,'6441453.23'),(60,26,'1852929.53'),(60,27,'1705569.89'),(60,29,'414169.25'),(60,30,'2556284.73'),(60,31,'1043810.58'),(60,33,'295074.62'),(61,1,'1706826.52'),(61,2,'3878684.61'),(61,3,'2820073.26'),(61,4,'8705208.44'),(61,6,'7329200.21'),(61,7,'137734.94'),(61,8,'2785842.49'),(61,9,'7647779.6'),(61,11,'8471445.31'),(61,12,'563990.87'),(61,13,'1038009.17'),(61,16,'8508729.73'),(61,17,'2452893.88'),(61,18,'5868472.63'),(61,20,'8222335.26'),(61,21,'8333039.31'),(61,22,'2116484.38'),(61,23,'7403480.25'),(61,25,'739487.07'),(61,26,'660578'),(61,27,'4824032.73'),(61,28,'715268.89'),(61,30,'291099.33'),(61,31,'1037626.69'),(61,32,'4290856.07'),(62,2,'2074222.41'),(62,3,'3415610.42'),(62,4,'3852122.93'),(62,5,'3411089.58'),(62,7,'4145878.07'),(62,8,'7374869.38'),(62,9,'5073017.96'),(62,10,'8416115.63'),(62,12,'4716049.29'),(62,13,'3396612.08'),(62,14,'6894162.38'),(62,17,'358474.3'),(62,18,'5288766.94'),(62,19,'1625454.04'),(62,21,'3817130.1'),(62,22,'2034310.01'),(62,23,'5459312.67'),(62,24,'6631878.73'),(62,26,'1143738.25'),(62,27,'3175950.6'),(62,28,'7403486.25'),(62,29,'8224848.86'),(62,31,'5448655.68'),(62,32,'3326217.38'),(62,33,'8809842.93'),(63,1,'2110037.51'),(63,3,'5387852.69'),(63,4,'6747151.05'),(63,5,'3681308.3'),(63,6,'8185412.09'),(63,8,'6814423.93'),(63,9,'5753769.77'),(63,10,'2419696.13'),(63,11,'4678433.48'),(63,13,'147027.99'),(63,14,'5201650.28'),(63,15,'1454000.25'),(63,18,'3277996.73'),(63,19,'2568058.87'),(63,20,'5230310.09'),(63,22,'8894677.03'),(63,23,'7540373.75'),(63,24,'4519955.59'),(63,25,'810340.68'),(63,27,'4259971.26'),(63,28,'4970298.48'),(63,29,'4845765.29'),(63,30,'4033875.12'),(63,32,'1736702.3'),(63,33,'7731446.76'),(64,1,'8873129.62'),(64,2,'2731256.31'),(64,4,'4456964.18'),(64,5,'3641387.92'),(64,6,'260771.46'),(64,7,'7861392.77'),(64,9,'3451383.5'),(64,10,'5441844.16'),(64,11,'8349648.79'),(64,12,'2551958.01'),(64,14,'5093861.36'),(64,15,'6190873.23'),(64,16,'6049495.19'),(64,19,'6125597.91'),(64,20,'889723.06'),(64,21,'883565.22'),(64,23,'2565123.85'),(64,24,'3110901.42'),(64,25,'3139962.2'),(64,26,'3124946.88'),(64,28,'1714164.86'),(64,29,'5556604.61'),(64,30,'7351328.24'),(64,31,'4401209.86'),(64,33,'3991786.75'),(65,1,'7430270.97'),(65,2,'1049685.52'),(65,3,'6452939.45'),(65,5,'2624183.86'),(65,6,'1281249.25'),(65,7,'8803144.81'),(65,8,'1423962.7'),(65,10,'1591443.3'),(65,11,'1635662.5'),(65,12,'8350581.85'),(65,13,'4846522.23'),(65,15,'6532790.1'),(65,16,'3431529.92'),(65,17,'2101478.04'),(65,20,'7250612.7'),(65,21,'8470225.6'),(65,22,'1107156.96'),(65,24,'7202163.41'),(65,25,'1664334.78'),(65,26,'3598841.59'),(65,27,'4759064.58'),(65,29,'6647229.21'),(65,30,'8457328.12'),(65,31,'4402698.86'),(65,32,'4579468.3'),(66,2,'7364875.91'),(66,3,'8047068.48'),(66,4,'6642391.63'),(66,6,'655945.12'),(66,7,'2457707'),(66,8,'602975.08'),(66,9,'8552854.7'),(66,11,'7420820.06'),(66,12,'2831249.23'),(66,13,'4024352.85'),(66,14,'7935006.15'),(66,16,'3646776.88'),(66,17,'7187972.91'),(66,18,'3070945.67'),(66,21,'4614594.33'),(66,22,'6149870.26'),(66,23,'2938211.49'),(66,25,'253123.27'),(66,26,'6802318.56'),(66,27,'8070424.84'),(66,28,'2699190.91'),(66,30,'2202952.79'),(66,31,'6826884.23'),(66,32,'6427747.53'),(66,33,'8853055.37'),(67,1,'1099381.72'),(67,3,'4873313.52'),(67,4,'3233304.09'),(67,5,'4294881.77'),(67,7,'3154001.63'),(67,8,'4543381.69'),(67,9,'109282.93'),(67,10,'4698257.6'),(67,12,'2535359.03'),(67,13,'140798.16'),(67,14,'936442.57'),(67,15,'2841155.93'),(67,17,'8724503.11'),(67,18,'4980867.81'),(67,19,'24946.61'),(67,22,'8715679.08'),(67,23,'2525424.73'),(67,24,'3442336.75'),(67,26,'6478736.04'),(67,27,'8335888.08'),(67,28,'7473655'),(67,29,'2960051.62'),(67,31,'249142.81'),(67,32,'7671196.97'),(67,33,'3382354.77'),(68,1,'2250556.69'),(68,2,'33528.94'),(68,4,'1942265.2'),(68,5,'4218932.88'),(68,6,'2300479.85'),(68,8,'4801679.58'),(68,9,'4868402.39'),(68,10,'6568675.11'),(68,11,'149251.49'),(68,13,'8785075.37'),(68,14,'3952453.69'),(68,15,'214216.13'),(68,16,'1512427.96'),(68,18,'3823698.19'),(68,19,'5884522.35'),(68,20,'6021970.02'),(68,23,'302935.07'),(68,24,'2942313.23'),(68,25,'876669.23'),(68,27,'4186023.71'),(68,28,'2586235.71'),(68,29,'4178097.27'),(68,30,'7753531.95'),(68,32,'2756346.14'),(68,33,'8469265.32'),(69,1,'4911671.62'),(69,2,'5591466.46'),(69,3,'7219921.69'),(69,5,'1913616.02'),(69,6,'6967949.44'),(69,7,'8380133.87'),(69,9,'7196294.23'),(69,10,'1961955.01'),(69,11,'4656402.28'),(69,12,'3601758.26'),(69,14,'3772537.1'),(69,15,'3073842.53'),(69,16,'5239126.49'),(69,17,'7826453.1'),(69,19,'2711835.41'),(69,20,'195969.74'),(69,21,'4118325.17'),(69,24,'6507263.1'),(69,25,'5540628.42'),(69,26,'7861369.85'),(69,28,'8307756.31'),(69,29,'3426600.49'),(69,30,'2352651.37'),(69,31,'5841467.64'),(69,33,'3676333.22'),(70,1,'6391171.07'),(70,2,'5927029.96'),(70,3,'902281.83'),(70,4,'2552521.35'),(70,6,'6943060.01'),(70,7,'7350824.27'),(70,8,'6766737.59'),(70,10,'1158110.42'),(70,11,'604529.59'),(70,12,'6817470.76'),(70,13,'752414.02'),(70,15,'6660127.32'),(70,16,'5358276.05'),(70,17,'4840452.77'),(70,18,'8712505.26'),(70,20,'6247112.25'),(70,21,'256248.88'),(70,22,'8155886.81'),(70,25,'8522619.85'),(70,26,'1888101.04'),(70,27,'8216423.33'),(70,29,'1984233.65'),(70,30,'4251981.54'),(70,31,'5957219.13'),(70,32,'4440317.31'),(71,2,'8075987.74'),(71,3,'5970244.02'),(71,4,'7034358.67'),(71,5,'1705282.33'),(71,7,'3757877.17'),(71,8,'2098365.36'),(71,9,'8774731.56'),(71,11,'7332524.6'),(71,12,'1775593.98'),(71,13,'8995577.67'),(71,14,'7510046.99'),(71,16,'4804562.14'),(71,17,'6781150.2'),(71,18,'6774138.35'),(71,19,'4337302.94'),(71,21,'2882241.41'),(71,22,'4364922.17'),(71,23,'8596126.62'),(71,26,'3042115.62'),(71,27,'4116363.33'),(71,28,'4520651.75'),(71,30,'5657795.94'),(71,31,'283265.11'),(71,32,'4609882.13'),(71,33,'3442780.23'),(72,1,'1350114.35'),(72,3,'3023689.23'),(72,4,'3546119.51'),(72,5,'814206.94'),(72,6,'5835669.66'),(72,8,'6945502.91'),(72,9,'3038548.43'),(72,10,'7705258.45'),(72,12,'2361722.04'),(72,13,'8749369.41'),(72,14,'3179202.88'),(72,15,'4967664.01'),(72,17,'4334491.41'),(72,18,'4362980.58'),(72,19,'4781254.66'),(72,20,'591181.05'),(72,22,'1730429.59'),(72,23,'1499016.61'),(72,24,'5516288.71'),(72,27,'6350570.9'),(72,28,'8152099.21'),(72,29,'2736427.96'),(72,31,'951323.61'),(72,32,'7014545'),(72,33,'321784.44'),(73,1,'6022008.26'),(73,2,'7237617.88'),(73,4,'8029087.72'),(73,5,'1960577.05'),(73,6,'3425111.08'),(73,7,'6064551.93'),(73,9,'1853133.11'),(73,10,'7735841.61'),(73,11,'7860771.41'),(73,13,'2553492.01'),(73,14,'5620964.24'),(73,15,'3733407.41'),(73,16,'6454179.55'),(73,18,'699914.58'),(73,19,'8758603.3'),(73,20,'3897470.83'),(73,21,'2873305.03'),(73,23,'2259543.63'),(73,24,'5168935.48'),(73,25,'2935032.92'),(73,28,'5228450.89'),(73,29,'7377176.35'),(73,30,'4906356.45'),(73,32,'6916516.84'),(73,33,'4319867'),(74,1,'4678299.59'),(74,2,'8124342.29'),(74,3,'876476.95'),(74,5,'2565328.37'),(74,6,'1352123.43'),(74,7,'1510803.52'),(74,8,'5677397.6'),(74,10,'376216.3'),(74,11,'8514335.67'),(74,12,'3614980.45'),(74,14,'3003328.01'),(74,15,'2747203.22'),(74,16,'3496154.39'),(74,17,'1112592.1'),(74,19,'1581156.99'),(74,20,'110607.93'),(74,21,'4602842.44'),(74,22,'3479096.66'),(74,24,'3904503.9'),(74,25,'2567849.2'),(74,26,'1415536.99'),(74,29,'176522.73'),(74,30,'6341052.6'),(74,31,'4222039.53'),(74,33,'3045533.42'),(75,1,'8541785.97'),(75,2,'7736927.95'),(75,3,'1749785.24'),(75,4,'7426620.93'),(75,6,'1798432.22'),(75,7,'8677608.28'),(75,8,'7949093.43'),(75,9,'3164889'),(75,11,'5340585.66'),(75,12,'6095283.67'),(75,13,'717149.15'),(75,15,'5396115.04'),(75,16,'5779789.82'),(75,17,'2457527.95'),(75,18,'2219144.59'),(75,20,'8942589.09'),(75,21,'6666641.23'),(75,22,'2918376.74'),(75,23,'1923243.92'),(75,25,'6346787.12'),(75,26,'8420960.05'),(75,27,'4923942.15'),(75,30,'7247191.16'),(75,31,'6410169.68'),(75,32,'3101274.39'),(76,2,'4897843'),(76,3,'6590999.44'),(76,4,'1012386.02'),(76,5,'7549004.56'),(76,7,'6733013.98'),(76,8,'2644055.51'),(76,9,'2376370.23'),(76,10,'3300521.45'),(76,12,'8394928.02'),(76,13,'8251656.15'),(76,14,'8157085.51'),(76,16,'8067524.69'),(76,17,'6381516.68'),(76,18,'1723497.19'),(76,19,'3196975.38'),(76,21,'1480560.59'),(76,22,'4165779.92'),(76,23,'2733483.24'),(76,24,'6302953.9'),(76,26,'7123297.74'),(76,27,'6660368'),(76,28,'5451747.61'),(76,31,'8056976.51'),(76,32,'6585729.57'),(76,33,'7096052.54'),(77,1,'7580294.03'),(77,3,'2208835.38'),(77,4,'6871984.19'),(77,5,'8178825.77'),(77,6,'1905760.03'),(77,8,'3408808.61'),(77,9,'4497714.77'),(77,10,'8574994.02'),(77,11,'6997697.54'),(77,13,'7285963.95'),(77,14,'1805672.62'),(77,15,'8687729.73'),(77,17,'6532577.6'),(77,18,'3371361.96'),(77,19,'6264140.16'),(77,20,'7650188.12'),(77,22,'2551776.49'),(77,23,'269602.05'),(77,24,'6887221.7'),(77,25,'1227230.47'),(77,27,'204533.23'),(77,28,'5559110.83'),(77,29,'5364539.26'),(77,32,'5282932.77'),(77,33,'7849223.27'),(78,1,'7653490.95'),(78,2,'8103344.81'),(78,4,'4004143.6'),(78,5,'7820785.87'),(78,6,'8126890.57'),(78,7,'1923990.73'),(78,9,'2113141.97'),(78,10,'6216250.94'),(78,11,'3443596.54'),(78,12,'6141995.61'),(78,14,'4765526.91'),(78,15,'6648195.96'),(78,16,'4009139.96'),(78,18,'533374.34'),(78,19,'951956.63'),(78,20,'6658172.08'),(78,21,'6488847.23'),(78,23,'4926600.4'),(78,24,'5054011.73'),(78,25,'8555166.18'),(78,26,'1416781.9'),(78,28,'3217468.04'),(78,29,'7283871.25'),(78,30,'6836424.58'),(78,33,'5059128.37'),(79,1,'4030254.35'),(79,2,'4728314.6'),(79,3,'7289104.13'),(79,5,'1168521.46'),(79,6,'7436553.82'),(79,7,'6514028.11'),(79,8,'2228792.3'),(79,10,'6111777.46'),(79,11,'5076060.29'),(79,12,'498229.27'),(79,13,'3586303.14'),(79,15,'124004.46'),(79,16,'2128686.29'),(79,17,'8681329.15'),(79,19,'8654293.73'),(79,20,'1801459.12'),(79,21,'4689203.28'),(79,22,'4811995.5'),(79,24,'4284978.7'),(79,25,'8543509.14'),(79,26,'1718510.86'),(79,27,'3845851.78'),(79,29,'249350.63'),(79,30,'6227175.96'),(79,31,'3154263.75'),(80,2,'4266125.98'),(80,3,'4907268.43'),(80,4,'4931184.69'),(80,6,'8939434.3'),(80,7,'1434955.53'),(80,8,'8711522.08'),(80,9,'623074.24'),(80,11,'242524.67'),(80,12,'1543931.85'),(80,13,'7509932.91'),(80,14,'5414689.07'),(80,16,'6110265.27'),(80,17,'3482216.8'),(80,18,'2978644.71'),(80,20,'3540809.65'),(80,21,'2846144.59'),(80,22,'7776670.12'),(80,23,'831987.36'),(80,25,'6694471.75'),(80,26,'2290742.05'),(80,27,'4508185.46'),(80,28,'746028.06'),(80,30,'2664848.58'),(80,31,'4802713.14'),(80,32,'6914368.5');
    